ID;LIMIT_BAL;SEX;EDUCATION;MARRIAGE;AGE;default.payment.next.month
44;140000;2;2;1;37;0
22964;250000;2;2;2;36;0
109;130000;1;2;2;38;0
5568;100000;2;3;2;48;0
2379;60000;1;2;2;30;1
18673;20000;2;1;2;23;1
2008;340000;1;1;1;49;0
9033;170000;2;1;2;25;0
4861;210000;1;2;1;41;1
98;150000;1;1;2;27;0